Nome,Adicionado em,Ano,Classificação,Filmes Ligados,Gêneros,ID,Minutagem,Prioridade,Próximos Filmes,Status,Título Original
500 Days of Summer,5 de setembro de 2024 18:01,2009,"9,2",,"Drama, Romance",1,,No,No,Concluído,(500) Days of Summer
A História de um Casamento,5 de setembro de 2024 18:01,2019,"4,5",,"Comédia, Romance",3,,No,No,Concluído,Marriage Story
A Garota Ideal,5 de setembro de 2024 18:10,2007,"8,8",,"Comédia, Romance",5,,No,No,Concluído,Lars and the Real Girl
Amnésia,5 de setembro de 2024 18:10,2000,10,,"Crime, Thriller",7,,No,No,Concluído,Memento
Antes do Amanhecer,5 de setembro de 2024 18:10,1995,"9,5",Trilogia Antes,"Comédia, Romance",8,,No,No,Concluído,Before Sunrise
Bastardos Inglórios,5 de setembro de 2024 18:10,2009,"9,6",Quentin Tarantino,"Aventura, Guerra",10,,No,No,Concluído,Inglourious Basterds
Cães de Aluguel,5 de setembro de 2024 18:10,1992,9,Quentin Tarantino,"Crime, Thriller",11,,No,No,Concluído,Reservoir Dogs
Corações de Ferro,5 de setembro de 2024 18:10,2014,"7,5",,"Ação, Guerra",13,,No,No,Concluído,Fury
Corpo Fechado,5 de setembro de 2024 18:10,2000,"9,1",Trilogia Corpo Fechado,"Ficção científica, Thriller",14,,No,No,Concluído,Unbreakable
Corra,5 de setembro de 2024 18:10,2017,"8,9",,"Comédia, Terror",15,,No,No,Concluído,Get Out
Duna 2,5 de setembro de 2024 18:10,2024,"9,9",,"Aventura, Ficção científica",17,,No,No,Concluído,Dune: Part Two
Django Livre ,5 de setembro de 2024 18:10,2012,10,Quentin Tarantino,"Ação, Faroeste",18,,No,No,Concluído,Django Unchained
Dois Caras Legais,5 de setembro de 2024 18:17,2016,"7,4",,"Ação, Comédia",19,,No,No,Concluído,The Nice Guys
Era Uma Vez em Hollywood,5 de setembro de 2024 18:17,2019,"8,3",Quentin Tarantino,"Comédia, Faroeste",21,,No,No,Concluído,Once Upon a Time in Hollywood
Equilibrium,5 de setembro de 2024 18:17,2002,"9,1",,"Ação, Ficção científica",22,,No,No,Concluído,Equilibrium
Forrest Gump,5 de setembro de 2024 18:17,1994,6,,"Comédia, Romance",25,,No,No,Concluído,Forrest Gump
Fragmentado,5 de setembro de 2024 18:17,2016,"8,1",Trilogia Corpo Fechado,"Mistério, Terror",27,,No,No,Concluído,Split
Gênio Indomável,5 de setembro de 2024 18:17,1997,"9,3",,"Drama, Romance",28,,No,No,Concluído,Good Will Hunting
Gladiador,5 de setembro de 2024 18:17,2000,"9,6",,"Aventura, Ação",29,,No,No,Concluído,Gladiator
Inception,5 de setembro de 2024 18:17,2010,"8,6",,"Ação, Ficção científica",31,,No,No,Concluído,Inception
Ilha do Medo,5 de setembro de 2024 18:17,2010,"9,5",,"Mistério, Thriller",34,,No,No,Concluído,Shutter Island
Kill Bill ,5 de setembro de 2024 18:17,2003,"9,1",Quentin Tarantino,"Ação, Thriller",35,,No,No,Concluído,Kill Bill: Vol. 1
La La Land,5 de setembro de 2024 18:17,2016,"8,5",,"Musical, Romance",36,,No,No,Concluído,La La Land
Logan,5 de setembro de 2024 18:17,2017,"9,1",,"Ação, Ficção científica",37,,No,No,Concluído,Logan
Nascido para Matar,5 de setembro de 2024 18:20,1987,"8,9",,"Ação, Guerra",40,,No,No,Concluído,Full Metal Jacket
O Show de Truman,5 de setembro de 2024 18:20,1998,9,,"Comédia, Ficção científica",42,,No,No,Concluído,The Truman Show
O Abutre,5 de setembro de 2024 18:20,2014,8,,"Crime, Thriller",44,,No,No,Concluído,Nightcrawler
O Poderoso Chefão,5 de setembro de 2024 18:20,1972,"9,2",,"Ação, Crime",48,,No,No,Concluído,The Godfather
Os Oito Odiados,5 de setembro de 2024 18:20,2015,"9,8",Quentin Tarantino,"Faroeste, Thriller",50,,No,No,Concluído,The Hateful Eight
Os Suspeitos,5 de setembro de 2024 18:20,2013,"9,2",,"Crime, Thriller",56,,No,No,Concluído,Prisoners
Pulp Fiction: Tempo de Violência,5 de setembro de 2024 18:20,1994,"9,5",Quentin Tarantino,"Crime, Thriller",59,,No,No,Concluído,Pulp Fiction
Se7en - Os Sete Crimes Capitais,5 de setembro de 2024 18:20,1995,"9,5",,"Crime, Terror",65,,No,No,Concluído,Seven
Tempo de Gloria,5 de setembro de 2024 18:20,1989,"9,5",,"Drama, Guerra",70,,No,No,Concluído,Glory
Vidro ,5 de setembro de 2024 18:20,2019,"7,4",Trilogia Corpo Fechado,"Fantasia, Terror",74,,No,No,Concluído,Glass
Beleza Americana,5 de setembro de 2024 18:20,1999,"9,2",,"Comédia, Romance",75,,No,No,Concluído,American Beauty
Sociedade dos Poetas Mortos,11 de setembro de 2024 20:27,1989,"8,9",,"Comédia, Drama",81,,No,No,Concluído,Dead Poets Society
Namorados para Sempre,11 de setembro de 2024 22:10,2010,6,,"Drama, Romance",82,,No,No,Concluído,Blue Valentine
Kill Bill 2,19 de setembro de 2024 17:53,2004,"8,5",Quentin Tarantino,"Ação, Thriller",84,,No,No,Concluído,Kill Bill: Vol. 2
Adoráveis Mulheres,19 de setembro de 2024 22:10,2019,"9,8",,"Drama, Romance",85,,No,No,Concluído,Little Women
Diário de uma Paixão,20 de setembro de 2024 16:34,2004,"9,1",,"Drama, Romance",86,,No,No,Concluído,The Notebook
Cidade de Deus,21 de setembro de 2024 15:57,2002,"8,7",,"Ação, Drama",89,,No,No,Concluído,City of God
Prenda-Me se for Capaz,21 de setembro de 2024 16:09,2002,9,,"Ação, Drama",90,,No,No,Concluído,Catch Me If You Can
O Túmulo dos Vagalumes,28 de setembro de 2024 17:56,1988,"9,8",Studio Ghibli,"Drama, Guerra",94,,No,No,Concluído,Grave of the Fireflies
O Menino e a Garça,12 de outubro de 2024 19:26,2023,"9,2",Studio Ghibli,"Aventura, Fantasia",96,,No,No,Concluído,The Boy and the Heron
10 Coisas que Eu Odeio em Você,15 de novembro de 2024 13:42,1999,"8,1",,"Comédia, Romance",102,,No,No,Concluído,10 Things I Hate About You
Por Lugares Incriveis,26 de novembro de 2024 13:44,2020,"7,5",,"Drama, Romance",103,,No,No,Concluído,All the Bright Places
Antes do Pôr do Sol,26 de novembro de 2024 13:45,2004,"8,5",Trilogia Antes,"Drama, Romance",104,,No,No,Concluído,Before Sunset
Show de Vizinha,26 de novembro de 2024 13:48,2004,8,,"Comédia, Romance",106,,No,No,Concluído,The Girl Next Door
Gladiador 2,4 de dezembro de 2024 10:30,2024,"8,5",,"Aventura, Ação",107,,No,No,Concluído,Gladiator II
O Castelo Animado,4 de dezembro de 2024 18:19,2004,"9,7",Studio Ghibli,"Fantasia, Romance",108,,No,No,Concluído,Howl's Moving Castle
Contos de Terramar,4 de dezembro de 2024 18:21,2006,"8,5",Studio Ghibli,"Fantasia, Romance",109,,No,No,Concluído,Tales from Earthsea
Porco Rosso,4 de dezembro de 2024 18:23,1992,"9,4",Studio Ghibli,"Fantasia, Guerra",110,,No,No,Concluído,Porco Rosso
O Castelo no Céu,4 de dezembro de 2024 18:25,1986,"9,9",Studio Ghibli,"Fantasia, Romance",111,,No,No,Concluído,Castle in the Sky
O Mundo dos Pequeninos,5 de dezembro de 2024 11:44,2010,"9,3",Studio Ghibli,"Aventura, Fantasia",112,,No,No,Concluído,The Secret World of Arrietty
O Serviço de Entregas da Kiki,6 de dezembro de 2024 13:03,1989,"9,2",Studio Ghibli,"Aventura, Fantasia",113,,No,No,Concluído,Kiki's Delivery Service
Tropa de Elite,9 de dezembro de 2024 23:45,2007,"8,8",,"Ação, Crime",114,,No,No,Concluído,Elite Squad
O Reino dos Gatos,9 de dezembro de 2024 23:45,2002,9,Studio Ghibli,"Aventura, Fantasia",115,,No,No,Concluído,The Cat Returns
Sussurros do Coração ,12 de dezembro de 2024 11:46,1995,"9,3",Studio Ghibli,"Fantasia, Romance",116,,No,No,Concluído,Whisper of the Heart
Tropa de Elite 2,12 de dezembro de 2024 18:48,2010,8,,"Ação, Crime",117,,No,No,Concluído,Elite Squad 2: The Enemy Within
De Olhos Bem Fechados,19 de dezembro de 2024 20:15,1999,"8,7",,"Mistério, Thriller",118,,No,No,Concluído,Eyes Wide Shut
O Grinch,25 de dezembro de 2024 22:14,2000,"9,1",,"Comédia, Fantasia",119,,No,No,Concluído,How the Grinch Stole Christmas
Klaus,25 de dezembro de 2024 22:15,2019,"9,3",,"Aventura, Comédia",120,,No,No,Concluído,Klaus
Os Suspeitos,4 de fevereiro de 2025 10:56,1995,"9,8",,"Crime, Thriller",123,,No,No,Concluído,The Usual Suspects
Nada de Novo no Front,4 de fevereiro de 2025 10:56,2022,"8,8",,"Ação, Guerra",124,,No,No,Concluído,All Quiet on the Western Front
Onze Homens e um Segredo,14 de abril de 2025 10:37,2001,"9,1",,"Ação, Thriller",125,,No,No,Concluído,Ocean's Eleven
PomPoko,14 de abril de 2025 10:43,1994,"9,2",Studio Ghibli,"Aventura, Fantasia",126,,No,No,Concluído,Pom Poko
Parasita,14 de abril de 2025 11:14,2019,9,,"Ação, Terror",128,,No,No,Concluído,Parasite
Fuga de Alcatraz,21 de abril de 2025 08:47,1979,"8,3",,"Ação, Crime",131,,No,No,Concluído,Escape from Alcatraz
Vidas as vento,30 de abril de 2025 22:18,2013,10,Studio Ghibli,"Guerra, Romance",133,,No,No,Concluído,The Wind Rises
Ela,15 de junho de 2025 19:13,2013,9,,"Ficção científica, Romance",136,,No,No,Concluído,Her
O Culpado,6 de julho de 2025 16:48,2021,"8,2",,"Crime, Suspense",137,,No,No,Concluído,The Guilty
Nefarius,6 de julho de 2025 16:48,2023,8,,"Drama, Terror",138,,No,No,Concluído,Nefarious
Harakiri,6 de julho de 2025 16:53,1962,10,,"Ação, Mistério",139,,No,No,Concluído,Harakiri
Rocky Um Lutador,11 de julho de 2025 08:35,1976,"8,8",Rocky,"Ação, Esporte",140,,No,No,Concluído,Rocky
Amor de Aluguel,8 de agosto de 2025 09:32,2003,"8,8",,"Comédia, Romance",144,,No,No,Concluído,Love Don't Cost a Thing
Tenet,21 de agosto de 2025 09:09,2020,"8,6",,"Ação, Ficção científica",148,,No,No,Concluído,Tenet
Scarface,2 de setembro de 2025 17:36,1983,8,,"Crime, Thriller",149,,No,No,Concluído,Scarface
Meu amigo Totoro,2 de setembro de 2025 20:08,1988,"9,5",Studio Ghibli,"Aventura, Fantasia",150,,No,No,Concluído,My Neighbor Totoro
Ponyo,9 de novembro de 2025 22:25,2008,"9,6",Studio Ghibli,"Aventura, Romance",151,,No,No,Concluído,Ponyo
Sonic 3,30 de novembro de 2025 22:54,2024,"9,4",,"Aventura, Comédia",152,,No,No,Concluído,Sonic the Hedgehog 3
Sete Homens e um Destino,30 de novembro de 2025 22:54,2016,"8,4",,"Aventura, Ação",153,,No,No,Concluído,The Magnificent Seven
A Hora do Rush,18 de março de 2026 22:16,1998,"8,4",,"Ação, Comédia",156,,No,No,Concluído,Rush Hour
Dias Perfeitos,30 de março de 2026 11:41,2023,"9,5",,"Drama, Romance",157,,No,No,Concluído,Perfect Days
Quebrando a Banca,26 de maio de 2026 20:51,2008,8,,"Ação, Crime",160,,No,No,Concluído,21
O Hobbit 1,26 de maio de 2026 20:54,2012,9,Trilogia Senhor dos Anéis,"Aventura, Ação",162,,No,No,Concluído,The Hobbit: An Unexpected Journey
As Memorias de Marnie,29 de maio de 2026 23:34,2014,"9,3",Studio Ghibli,"Aventura, Fantasia",163,,No,No,Concluído,When Marnie Was There
Nausica do Vale do Vento,29 de maio de 2026 23:41,1984,"9,4",Studio Ghibli,"Aventura, Fantasia",164,,No,No,Concluído,Nausicaä of the Valley of the Wind
A Odisseia,4 de agosto de 2026 23:22,2026,"9,4",,"Aventura, Ação",165,,No,No,Concluído,The Odyssey
O Hobbit 2,4 de agosto de 2026 23:22,2013,"9,1",,"Aventura, Ação",166,,No,No,Concluído,The Hobbit: The Desolation of Smaug
O Hobbit 3,4 de agosto de 2026 23:22,2014,9,,"Aventura, Ação",167,,No,No,Concluído,The Hobbit: The Battle of the Five Armies
Os Bons Companheiros,5 de setembro de 2024 18:20,1990,,,"Crime, Thriller",55,,Yes,Yes,Em andamento,Goodfellas
RAN,5 de setembro de 2024 18:20,1985,,,"Ação, Guerra",61,1:45:00,Yes,Yes,Em andamento,Ran
Senhor dos Anéis: Duas torres,5 de setembro de 2024 18:20,2002,,Trilogia Senhor dos Anéis,"Aventura, Fantasia",63,44:00,Yes,Yes,Em andamento,The Lord of the Rings: The Two Towers
O Rei,21 de abril de 2025 08:54,2019,,,"Guerra, Romance",132,1:30:00,Yes,Yes,Em andamento,The King
Memorias de um Assassinato,22 de maio de 2026 19:32,2003,,,"Crime, Thriller",159,12:00,No,No,Em andamento,Memories of Murder
A Coisa,5 de setembro de 2024 18:01,2011,,,"Ficção científica, Terror",2,,No,No,Não iniciada,The Thing
A Vida é Bela,5 de setembro de 2024 18:10,1997,,,"Comédia, Guerra",6,,No,No,Não iniciada,Life Is Beautiful
Advogado do Diabo,5 de setembro de 2024 18:10,1997,,,"Fantasia, Terror",9,,No,No,Não iniciada,The Devil's Advocate
Circulo de Fogo,5 de setembro de 2024 18:10,2013,,,"Ação, Ficção científica",12,,No,No,Não iniciada,Pacific Rim
De Volta para o Futuro,5 de setembro de 2024 18:10,1985,,,"Aventura, Ficção científica",16,,No,No,Não iniciada,Back to the Future
Donnie Brasco,5 de setembro de 2024 18:17,1997,,,"Crime, Thriller",20,,No,No,Não iniciada,Donnie Brasco
Exterminador Do Futuro,5 de setembro de 2024 18:17,1984,,,"Ação, Ficção científica",23,,No,No,Não iniciada,The Terminator
Falcão Negro em Perigo,5 de setembro de 2024 18:17,2001,,,"Ação, Guerra",24,,No,No,Não iniciada,Black Hawk Down
Feitiço do Tempo,5 de setembro de 2024 18:17,1993,,,"Comédia, Romance",26,,No,No,Não iniciada,Groundhog Day
Garota Exemplar,5 de setembro de 2024 18:17,2014,,,"Mistério, Thriller",30,,No,No,Não iniciada,Gone Girl
Infiltrado,5 de setembro de 2024 18:17,2021,,,"Ação, Thriller",32,,No,No,Não iniciada,Wrath of Man
Idiocracia ,5 de setembro de 2024 18:17,2006,,,"Comédia, Ficção científica",33,,No,No,Não iniciada,Idiocracy
Mad Max,5 de setembro de 2024 18:17,1979,,,"Ação, Ficção científica",38,,No,No,Não iniciada,Mad Max
Melhor É Impossível,5 de setembro de 2024 18:20,1997,,,"Comédia, Romance",39,,No,No,Não iniciada,As Good as It Gets
Não Olhe para Cima,5 de setembro de 2024 18:20,2021,,,"Comédia, Ficção científica",41,,No,No,Não iniciada,Don't Look Up
O Grande Truque,5 de setembro de 2024 18:20,2006,,,"Ficção científica, Thriller",47,,No,Yes,Não iniciada,The Prestige
Old Boy,5 de setembro de 2024 18:20,2003,,,"Ação, Thriller",52,,No,No,Não iniciada,Oldboy
Os 7 Samurais,5 de setembro de 2024 18:20,1954,,,"Aventura, Ação",54,,Yes,Yes,Não iniciada,Seven Samurai
O Primeiro Amor,5 de setembro de 2024 18:20,2010,,,"Comédia, Romance",57,,No,No,Não iniciada,Flipped
Platoon,5 de setembro de 2024 18:20,1986,,,"Ação, Guerra",58,,No,No,Não iniciada,Platoon
Rambo - Programado para Matar,5 de setembro de 2024 18:20,1982,,,"Ação, Thriller",60,,No,No,Não iniciada,First Blood
Resgate do Soldado Ryan,5 de setembro de 2024 18:20,1998,,,"Ação, Guerra",62,,No,No,Não iniciada,Saving Private Ryan
Senhor dos Anéis: Retorno do Rei,5 de setembro de 2024 18:20,2003,,Trilogia Senhor dos Anéis,"Aventura, Fantasia",64,,Yes,Yes,Não iniciada,The Lord of the Rings: The Return of the King
Soldado Anônimo,5 de setembro de 2024 18:20,2005,,,"Ação, Guerra",66,,No,No,Não iniciada,Jarhead
Sr. Ninguém,5 de setembro de 2024 18:20,2009,,,"Fantasia, Ficção científica",67,,No,No,Não iniciada,Mr. Nobody
Silêncio dos Inocentes,5 de setembro de 2024 18:20,1991,,,"Crime, Terror",68,,No,No,Não iniciada,The Silence of the Lambs
Touro Indomável,5 de setembro de 2024 18:20,1980,,,"Ação, Esporte",69,,No,No,Não iniciada,Raging Bull
Três Homens em Conflito,5 de setembro de 2024 18:20,1966,,,"Ação, Faroeste",71,,No,No,Não iniciada,"The Good, the Bad and the Ugly"
Um Estranho no Ninho,5 de setembro de 2024 18:20,1975,,,"Comédia, Drama",72,,No,No,Não iniciada,One Flew Over the Cuckoo's Nest
Vanilla Sky,5 de setembro de 2024 18:20,2001,,,"Ficção científica, Thriller",73,,No,No,Não iniciada,Vanilla Sky
Watchman,5 de setembro de 2024 18:31,2009,,,"Ação, Ficção científica",77,,No,No,Não iniciada,Watchmen
O Lobo de Wall Steet,6 de setembro de 2024 21:01,2013,,,"Comédia, Thriller",80,,No,No,Não iniciada,The Wolf of Wall Street
Sin City,13 de setembro de 2024 13:30,2005,,Quentin Tarantino,"Ação, Crime",83,,No,Yes,Não iniciada,Sin City
Um Sonho de Liberdade,21 de setembro de 2024 15:50,1994,,,"Drama, Thriller",87,,No,No,Não iniciada,The Shawshank Redemption
Os Infiltrados,21 de setembro de 2024 16:10,2006,,,"Crime, Thriller",91,,Yes,Yes,Não iniciada,The Departed
Donnie Darko,22 de setembro de 2024 07:05,2001,,,"Ficção científica, Thriller",93,,No,No,Não iniciada,Donnie Darko
Laranja Mecânica,3 de outubro de 2024 09:49,1972,,,"Crime, Ficção científica",95,,No,No,Não iniciada,A Clockwork Orange
Encontro Marcado,20 de outubro de 2024 22:15,1998,,,"Drama, Romance",97,,No,No,Não iniciada,Meet Joe Black
Amor a Toda Prova,15 de novembro de 2024 10:32,2011,,,"Drama, Romance",98,,No,No,Não iniciada,"Crazy, Stupid, Love."
Antes da Meia Noite,26 de novembro de 2024 13:46,2013,,Trilogia Antes,"Drama, Romance",105,,No,No,Não iniciada,Before Midnight
Jackie Brown,1 de fevereiro de 2025 21:47,1997,,Quentin Tarantino,"Crime, Thriller",121,,No,Yes,Não iniciada,Jackie Brown
À Prova de Morte,1 de fevereiro de 2025 21:47,2007,,Quentin Tarantino,"Ação, Terror",122,,No,Yes,Não iniciada,Death Proof
Operação Vingança,14 de abril de 2025 11:14,2025,,,"Ação, Thriller",127,,No,No,Não iniciada,The Amateur
Brilho Eterno de uma Mente sem Lembranças,15 de junho de 2025 19:11,2004,,,"Ficção científica, Romance",134,,Yes,Yes,Não iniciada,Eternal Sunshine of the Spotless Mind
Hora de Voltar,15 de junho de 2025 19:12,2004,,,"Comédia, Romance",135,,No,No,Não iniciada,Garden State
Rocky II,11 de julho de 2025 08:37,1979,,Rocky,"Ação, Esporte",141,,No,No,Não iniciada,Rocky II
Rocky III,11 de julho de 2025 08:38,1982,,Rocky,"Ação, Esporte",142,,No,No,Não iniciada,Rocky III
Rocky IV,11 de julho de 2025 08:38,1985,,Rocky,"Ação, Esporte",143,,No,No,Não iniciada,Rocky IV
Ruby Sparks,8 de agosto de 2025 09:38,2012,,,"Fantasia, Romance",145,,No,No,Não iniciada,Ruby Sparks
Requiem para um Sonho,21 de agosto de 2025 08:53,2000,,,"Drama, Terror",146,,No,No,Não iniciada,Requiem for a Dream
As linhas tortas de Deus,21 de agosto de 2025 08:59,2022,,,"Mistério, Thriller",147,,No,No,Não iniciada,God's Crooked Lines
O Regresso,5 de fevereiro de 2026 16:52,2015,,,"Aventura, Faroeste",154,,No,No,Não iniciada,The Revenant
A Loja da Esquina,18 de março de 2026 22:13,1940,,,"Comédia, Romance",155,,No,No,Não iniciada,The Shop Around the Corner
Não Me Abandone Jamais,30 de março de 2026 11:44,2010,,,"Ficção científica, Romance",158,,No,No,Não iniciada,Never Let Me Go
Desafio no Bronx,4 de agosto de 2026 23:28,1993,,,"Crime, Suspense",168,,No,Yes,Não iniciada,A Bronx Tale
Caminhos Perigosos,4 de agosto de 2026 23:29,1973,,,"Crime, Thriller",169,,No,Yes,Não iniciada,Mean Streets
Marty Supreme,17 de agosto de 2026 22:32,2025,,,"Drama, Esporte",170,,No,Yes,Não iniciada,Marty Supreme
Era uma Vez na América,17 de agosto de 2026 22:34,1984,,,"Crime, Thriller",171,,No,No,Não iniciada,Once Upon a Time in America
Amor a Flor da Pele,17 de agosto de 2026 22:35,2000,,,"Drama, Romance",172,,No,Yes,Não iniciada,In the Mood for Love
Cinema Paradiso,17 de agosto de 2026 22:36,1988,,,"Drama, Romance",173,,No,No,Não iniciada,Cinema Paradiso
O Setimo Selo,17 de agosto de 2026 22:38,1957,,,"Fantasia, Thriller",174,,No,No,Não iniciada,The Seventh Seal
O Dublê,5 de setembro de 2024 18:20,2024,,,"Ação, Comédia",43,1:00:00,No,No,Dropei,The Fall Guy
O Sexto Sentido,5 de setembro de 2024 18:20,1999,,,"Mistério, Terror",49,40:00,No,No,Dropei,The Sixth Sense
O Último Samurai,5 de setembro de 2024 18:20,2003,,,"Ação, Guerra",51,10:00,No,No,Dropei,The Last Samurai
Onde os Fracos Não Têm Vez,5 de setembro de 2024 18:20,2007,,,"Faroeste, Thriller",53,25:00,No,No,Dropei,No Country for Old Men
Meu Primeiro Amor,15 de novembro de 2024 10:34,1991,,,"Drama, Romance",99,31:00,No,No,Dropei,My Girl
